{"cameraMode":{"drawMode":0,"name":"Shaded","section":"Shading Mode"},"sceneLighting":true,"audioPlay":false,"sceneViewState":{"m_AlwaysRefresh":false,"showFog":true,"showSkybox":true,"showFlares":true,"showImageEffects":true,"showParticleSystems":true,"showVisualEffectGraphs":true,"m_FxEnabled":true},"in2DMode":false,"pivot":{"x":-2.97257924079895,"y":30.975261688232423,"z":0.33701464533805849},"rotation":{"x":0.5703224539756775,"y":-0.0024657640606164934,"z":0.0017097636591643096,"w":0.8214210867881775},"size":29.363239288330079,"orthographic":false}